{
    "logs": [
        {
            "outputFile": "C:\\Users\\User\\AndroidStudioProjects\\RoamIndia\\app\\build\\intermediates\\incremental\\mergeDebugResources\\merged.dir\\values-ro\\values-ro.xml",
            "map": [
                {
                    "source": "C:\\Users\\User\\.gradle\\caches\\transforms-1\\files-1.1\\support-compat-28.0.0.aar\\1e33e04d1d5dd4fb34c2bb245187a798\\res\\values-ro\\values-ro.xml",
                    "from": {
                        "startLines": "2",
                        "startColumns": "4",
                        "startOffsets": "55",
                        "endColumns": "100",
                        "endOffsets": "151"
                    },
                    "to": {
                        "startLines": "30",
                        "startColumns": "4",
                        "startOffsets": "2953",
                        "endColumns": "100",
                        "endOffsets": "3049"
                    }
                },
                {
                    "source": "C:\\Users\\User\\.gradle\\caches\\transforms-1\\files-1.1\\appcompat-v7-28.0.0.aar\\c92f823a4a7a495ae99a9a0b2c00cfea\\res\\values-ro\\values-ro.xml",
                    "from": {
                        "startLines": "2,3,4,5,6,7,8,9,10,11,12,13,14,15,16,17,18,19,20,21,22,23,24,25,26,27,28,29",
                        "startColumns": "4,4,4,4,4,4,4,4,4,4,4,4,4,4,4,4,4,4,4,4,4,4,4,4,4,4,4,4",
                        "startOffsets": "105,226,330,443,531,643,764,849,930,1021,1114,1210,1304,1404,1497,1592,1687,1778,1870,1953,2065,2178,2278,2392,2497,2603,2767,2870",
                        "endColumns": "120,103,112,87,111,120,84,80,90,92,95,93,99,92,94,94,90,91,82,111,112,99,113,104,105,163,102,82",
                        "endOffsets": "221,325,438,526,638,759,844,925,1016,1109,1205,1299,1399,1492,1587,1682,1773,1865,1948,2060,2173,2273,2387,2492,2598,2762,2865,2948"
                    }
                }
            ]
        }
    ]
}