{
    "logs": [
        {
            "outputFile": "C:\\Users\\User\\AndroidStudioProjects\\RoamIndia\\app\\build\\intermediates\\incremental\\mergeDebugResources\\merged.dir\\values-ru\\values-ru.xml",
            "map": [
                {
                    "source": "C:\\Users\\User\\.gradle\\caches\\transforms-1\\files-1.1\\support-compat-28.0.0.aar\\1e33e04d1d5dd4fb34c2bb245187a798\\res\\values-ru\\values-ru.xml",
                    "from": {
                        "startLines": "2",
                        "startColumns": "4",
                        "startOffsets": "55",
                        "endColumns": "100",
                        "endOffsets": "151"
                    },
                    "to": {
                        "startLines": "30",
                        "startColumns": "4",
                        "startOffsets": "2913",
                        "endColumns": "100",
                        "endOffsets": "3009"
                    }
                },
                {
                    "source": "C:\\Users\\User\\.gradle\\caches\\transforms-1\\files-1.1\\appcompat-v7-28.0.0.aar\\c92f823a4a7a495ae99a9a0b2c00cfea\\res\\values-ru\\values-ru.xml",
                    "from": {
                        "startLines": "2,3,4,5,6,7,8,9,10,11,12,13,14,15,16,17,18,19,20,21,22,23,24,25,26,27,28,29",
                        "startColumns": "4,4,4,4,4,4,4,4,4,4,4,4,4,4,4,4,4,4,4,4,4,4,4,4,4,4,4,4",
                        "startOffsets": "105,220,322,434,520,625,745,824,902,994,1088,1184,1277,1373,1467,1563,1658,1750,1842,1922,2028,2136,2234,2343,2449,2557,2732,2832",
                        "endColumns": "114,101,111,85,104,119,78,77,91,93,95,92,95,93,95,94,91,91,79,105,107,97,108,105,107,174,99,80",
                        "endOffsets": "215,317,429,515,620,740,819,897,989,1083,1179,1272,1368,1462,1558,1653,1745,1837,1917,2023,2131,2229,2338,2444,2552,2727,2827,2908"
                    }
                }
            ]
        }
    ]
}