{
    "logs": [
        {
            "outputFile": "C:\\Users\\User\\AndroidStudioProjects\\RoamIndia\\app\\build\\intermediates\\incremental\\mergeDebugResources\\merged.dir\\values-land\\values-land.xml",
            "map": [
                {
                    "source": "C:\\Users\\User\\.gradle\\caches\\transforms-1\\files-1.1\\design-28.0.0.aar\\74d29cba14213d9aba23dd0850d21425\\res\\values-land\\values-land.xml",
                    "from": {
                        "startLines": "2",
                        "startColumns": "4",
                        "startOffsets": "55",
                        "endLines": "5",
                        "endColumns": "10",
                        "endOffsets": "222"
                    },
                    "to": {
                        "startLines": "5",
                        "startColumns": "4",
                        "startOffsets": "264",
                        "endLines": "8",
                        "endColumns": "10",
                        "endOffsets": "431"
                    }
                },
                {
                    "source": "C:\\Users\\User\\.gradle\\caches\\transforms-1\\files-1.1\\appcompat-v7-28.0.0.aar\\c92f823a4a7a495ae99a9a0b2c00cfea\\res\\values-land\\values-land.xml",
                    "from": {
                        "startLines": "2,3,4",
                        "startColumns": "4,4,4",
                        "startOffsets": "55,125,196",
                        "endColumns": "69,70,67",
                        "endOffsets": "120,191,259"
                    }
                }
            ]
        }
    ]
}