{
    "logs": [
        {
            "outputFile": "C:\\Users\\User\\AndroidStudioProjects\\RoamIndia\\app\\build\\intermediates\\incremental\\mergeDebugResources\\merged.dir\\values-sr\\values-sr.xml",
            "map": [
                {
                    "source": "C:\\Users\\User\\.gradle\\caches\\transforms-1\\files-1.1\\support-compat-28.0.0.aar\\1e33e04d1d5dd4fb34c2bb245187a798\\res\\values-sr\\values-sr.xml",
                    "from": {
                        "startLines": "2",
                        "startColumns": "4",
                        "startOffsets": "55",
                        "endColumns": "100",
                        "endOffsets": "151"
                    },
                    "to": {
                        "startLines": "30",
                        "startColumns": "4",
                        "startOffsets": "2905",
                        "endColumns": "100",
                        "endOffsets": "3001"
                    }
                },
                {
                    "source": "C:\\Users\\User\\.gradle\\caches\\transforms-1\\files-1.1\\appcompat-v7-28.0.0.aar\\c92f823a4a7a495ae99a9a0b2c00cfea\\res\\values-sr\\values-sr.xml",
                    "from": {
                        "startLines": "2,3,4,5,6,7,8,9,10,11,12,13,14,15,16,17,18,19,20,21,22,23,24,25,26,27,28,29",
                        "startColumns": "4,4,4,4,4,4,4,4,4,4,4,4,4,4,4,4,4,4,4,4,4,4,4,4,4,4,4,4",
                        "startOffsets": "105,214,317,423,509,613,731,812,892,983,1076,1172,1266,1367,1460,1555,1660,1751,1842,1930,2035,2143,2244,2348,2456,2557,2724,2821",
                        "endColumns": "108,102,105,85,103,117,80,79,90,92,95,93,100,92,94,104,90,90,87,104,107,100,103,107,100,166,96,83",
                        "endOffsets": "209,312,418,504,608,726,807,887,978,1071,1167,1261,1362,1455,1550,1655,1746,1837,1925,2030,2138,2239,2343,2451,2552,2719,2816,2900"
                    }
                }
            ]
        }
    ]
}