[{"name":"com.android.support:design:28.0.0-0","index":0,"scopes":["EXTERNAL_LIBRARIES"],"types":["DEX_ARCHIVE"],"format":"JAR","present":false},{"name":"com.android.support:design:28.0.0-1","index":1,"scopes":["EXTERNAL_LIBRARIES"],"types":["DEX_ARCHIVE"],"format":"JAR","present":false},{"name":"com.android.support:design:28.0.0-2","index":2,"scopes":["EXTERNAL_LIBRARIES"],"types":["DEX_ARCHIVE"],"format":"JAR","present":false},{"name":"com.android.support:appcompat-v7:28.0.0-0","index":3,"scopes":["EXTERNAL_LIBRARIES"],"types":["DEX_ARCHIVE"],"format":"JAR","present":false},{"name":"com.android.support:appcompat-v7:28.0.0-1","index":4,"scopes":["EXTERNAL_LIBRARIES"],"types":["DEX_ARCHIVE"],"format":"JAR","present":false},{"name":"com.android.support:appcompat-v7:28.0.0-2","index":5,"scopes":["EXTERNAL_LIBRARIES"],"types":["DEX_ARCHIVE"],"format":"JAR","present":false},{"name":"com.android.support.constraint:constraint-layout:1.1.3-0","index":6,"scopes":["EXTERNAL_LIBRARIES"],"types":["DEX_ARCHIVE"],"format":"JAR","present":false},{"name":"com.android.support.constraint:constraint-layout:1.1.3-1","index":7,"scopes":["EXTERNAL_LIBRARIES"],"types":["DEX_ARCHIVE"],"format":"JAR","present":false},{"name":"com.android.support.constraint:constraint-layout:1.1.3-2","index":8,"scopes":["EXTERNAL_LIBRARIES"],"types":["DEX_ARCHIVE"],"format":"JAR","present":false},{"name":"com.android.support:support-fragment:28.0.0-0","index":12,"scopes":["EXTERNAL_LIBRARIES"],"types":["DEX_ARCHIVE"],"format":"JAR","present":false},{"name":"com.android.support:support-fragment:28.0.0-1","index":13,"scopes":["EXTERNAL_LIBRARIES"],"types":["DEX_ARCHIVE"],"format":"JAR","present":false},{"name":"com.android.support:support-fragment:28.0.0-2","index":14,"scopes":["EXTERNAL_LIBRARIES"],"types":["DEX_ARCHIVE"],"format":"JAR","present":false},{"name":"com.android.support:animated-vector-drawable:28.0.0-0","index":15,"scopes":["EXTERNAL_LIBRARIES"],"types":["DEX_ARCHIVE"],"format":"JAR","present":false},{"name":"com.android.support:animated-vector-drawable:28.0.0-1","index":16,"scopes":["EXTERNAL_LIBRARIES"],"types":["DEX_ARCHIVE"],"format":"JAR","present":false},{"name":"com.android.support:animated-vector-drawable:28.0.0-2","index":17,"scopes":["EXTERNAL_LIBRARIES"],"types":["DEX_ARCHIVE"],"format":"JAR","present":false},{"name":"com.android.support:recyclerview-v7:28.0.0-0","index":18,"scopes":["EXTERNAL_LIBRARIES"],"types":["DEX_ARCHIVE"],"format":"JAR","present":false},{"name":"com.android.support:recyclerview-v7:28.0.0-1","index":19,"scopes":["EXTERNAL_LIBRARIES"],"types":["DEX_ARCHIVE"],"format":"JAR","present":false},{"name":"com.android.support:recyclerview-v7:28.0.0-2","index":20,"scopes":["EXTERNAL_LIBRARIES"],"types":["DEX_ARCHIVE"],"format":"JAR","present":false},{"name":"com.android.support:support-core-ui:28.0.0-0","index":21,"scopes":["EXTERNAL_LIBRARIES"],"types":["DEX_ARCHIVE"],"format":"JAR","present":false},{"name":"com.android.support:support-core-ui:28.0.0-1","index":22,"scopes":["EXTERNAL_LIBRARIES"],"types":["DEX_ARCHIVE"],"format":"JAR","present":false},{"name":"com.android.support:support-core-ui:28.0.0-2","index":23,"scopes":["EXTERNAL_LIBRARIES"],"types":["DEX_ARCHIVE"],"format":"JAR","present":false},{"name":"com.android.support:support-core-utils:28.0.0-1","index":25,"scopes":["EXTERNAL_LIBRARIES"],"types":["DEX_ARCHIVE"],"format":"JAR","present":false},{"name":"com.android.support:support-vector-drawable:28.0.0-0","index":27,"scopes":["EXTERNAL_LIBRARIES"],"types":["DEX_ARCHIVE"],"format":"JAR","present":false},{"name":"com.android.support:support-vector-drawable:28.0.0-1","index":28,"scopes":["EXTERNAL_LIBRARIES"],"types":["DEX_ARCHIVE"],"format":"JAR","present":false},{"name":"com.android.support:support-vector-drawable:28.0.0-2","index":29,"scopes":["EXTERNAL_LIBRARIES"],"types":["DEX_ARCHIVE"],"format":"JAR","present":false},{"name":"com.android.support:support-media-compat:28.0.0-0","index":30,"scopes":["EXTERNAL_LIBRARIES"],"types":["DEX_ARCHIVE"],"format":"JAR","present":false},{"name":"com.android.support:support-media-compat:28.0.0-1","index":31,"scopes":["EXTERNAL_LIBRARIES"],"types":["DEX_ARCHIVE"],"format":"JAR","present":false},{"name":"com.android.support:support-media-compat:28.0.0-2","index":32,"scopes":["EXTERNAL_LIBRARIES"],"types":["DEX_ARCHIVE"],"format":"JAR","present":false},{"name":"com.android.support:transition:28.0.0-0","index":33,"scopes":["EXTERNAL_LIBRARIES"],"types":["DEX_ARCHIVE"],"format":"JAR","present":false},{"name":"com.android.support:transition:28.0.0-1","index":34,"scopes":["EXTERNAL_LIBRARIES"],"types":["DEX_ARCHIVE"],"format":"JAR","present":false},{"name":"com.android.support:transition:28.0.0-2","index":35,"scopes":["EXTERNAL_LIBRARIES"],"types":["DEX_ARCHIVE"],"format":"JAR","present":false},{"name":"com.android.support:loader:28.0.0-0","index":36,"scopes":["EXTERNAL_LIBRARIES"],"types":["DEX_ARCHIVE"],"format":"JAR","present":false},{"name":"com.android.support:loader:28.0.0-1","index":37,"scopes":["EXTERNAL_LIBRARIES"],"types":["DEX_ARCHIVE"],"format":"JAR","present":false},{"name":"com.android.support:loader:28.0.0-2","index":38,"scopes":["EXTERNAL_LIBRARIES"],"types":["DEX_ARCHIVE"],"format":"JAR","present":false},{"name":"com.android.support:viewpager:28.0.0-0","index":39,"scopes":["EXTERNAL_LIBRARIES"],"types":["DEX_ARCHIVE"],"format":"JAR","present":false},{"name":"com.android.support:viewpager:28.0.0-1","index":40,"scopes":["EXTERNAL_LIBRARIES"],"types":["DEX_ARCHIVE"],"format":"JAR","present":false},{"name":"com.android.support:viewpager:28.0.0-2","index":41,"scopes":["EXTERNAL_LIBRARIES"],"types":["DEX_ARCHIVE"],"format":"JAR","present":false},{"name":"com.android.support:coordinatorlayout:28.0.0-0","index":42,"scopes":["EXTERNAL_LIBRARIES"],"types":["DEX_ARCHIVE"],"format":"JAR","present":false},{"name":"com.android.support:coordinatorlayout:28.0.0-1","index":43,"scopes":["EXTERNAL_LIBRARIES"],"types":["DEX_ARCHIVE"],"format":"JAR","present":false},{"name":"com.android.support:coordinatorlayout:28.0.0-2","index":44,"scopes":["EXTERNAL_LIBRARIES"],"types":["DEX_ARCHIVE"],"format":"JAR","present":false},{"name":"com.android.support:drawerlayout:28.0.0-0","index":45,"scopes":["EXTERNAL_LIBRARIES"],"types":["DEX_ARCHIVE"],"format":"JAR","present":false},{"name":"com.android.support:drawerlayout:28.0.0-1","index":46,"scopes":["EXTERNAL_LIBRARIES"],"types":["DEX_ARCHIVE"],"format":"JAR","present":false},{"name":"com.android.support:drawerlayout:28.0.0-2","index":47,"scopes":["EXTERNAL_LIBRARIES"],"types":["DEX_ARCHIVE"],"format":"JAR","present":false},{"name":"com.android.support:slidingpanelayout:28.0.0-0","index":48,"scopes":["EXTERNAL_LIBRARIES"],"types":["DEX_ARCHIVE"],"format":"JAR","present":false},{"name":"com.android.support:slidingpanelayout:28.0.0-1","index":49,"scopes":["EXTERNAL_LIBRARIES"],"types":["DEX_ARCHIVE"],"format":"JAR","present":false},{"name":"com.android.support:slidingpanelayout:28.0.0-2","index":50,"scopes":["EXTERNAL_LIBRARIES"],"types":["DEX_ARCHIVE"],"format":"JAR","present":false},{"name":"com.android.support:customview:28.0.0-0","index":51,"scopes":["EXTERNAL_LIBRARIES"],"types":["DEX_ARCHIVE"],"format":"JAR","present":false},{"name":"com.android.support:customview:28.0.0-1","index":52,"scopes":["EXTERNAL_LIBRARIES"],"types":["DEX_ARCHIVE"],"format":"JAR","present":false},{"name":"com.android.support:customview:28.0.0-2","index":53,"scopes":["EXTERNAL_LIBRARIES"],"types":["DEX_ARCHIVE"],"format":"JAR","present":false},{"name":"com.android.support:swiperefreshlayout:28.0.0-0","index":54,"scopes":["EXTERNAL_LIBRARIES"],"types":["DEX_ARCHIVE"],"format":"JAR","present":false},{"name":"com.android.support:swiperefreshlayout:28.0.0-1","index":55,"scopes":["EXTERNAL_LIBRARIES"],"types":["DEX_ARCHIVE"],"format":"JAR","present":false},{"name":"com.android.support:swiperefreshlayout:28.0.0-2","index":56,"scopes":["EXTERNAL_LIBRARIES"],"types":["DEX_ARCHIVE"],"format":"JAR","present":false},{"name":"com.android.support:asynclayoutinflater:28.0.0-0","index":57,"scopes":["EXTERNAL_LIBRARIES"],"types":["DEX_ARCHIVE"],"format":"JAR","present":false},{"name":"com.android.support:asynclayoutinflater:28.0.0-2","index":59,"scopes":["EXTERNAL_LIBRARIES"],"types":["DEX_ARCHIVE"],"format":"JAR","present":false},{"name":"com.android.support:support-compat:28.0.0-0","index":60,"scopes":["EXTERNAL_LIBRARIES"],"types":["DEX_ARCHIVE"],"format":"JAR","present":false},{"name":"com.android.support:support-compat:28.0.0-1","index":61,"scopes":["EXTERNAL_LIBRARIES"],"types":["DEX_ARCHIVE"],"format":"JAR","present":false},{"name":"com.android.support:support-compat:28.0.0-2","index":62,"scopes":["EXTERNAL_LIBRARIES"],"types":["DEX_ARCHIVE"],"format":"JAR","present":false},{"name":"com.android.support:versionedparcelable:28.0.0-0","index":63,"scopes":["EXTERNAL_LIBRARIES"],"types":["DEX_ARCHIVE"],"format":"JAR","present":false},{"name":"com.android.support:versionedparcelable:28.0.0-1","index":64,"scopes":["EXTERNAL_LIBRARIES"],"types":["DEX_ARCHIVE"],"format":"JAR","present":false},{"name":"com.android.support:versionedparcelable:28.0.0-2","index":65,"scopes":["EXTERNAL_LIBRARIES"],"types":["DEX_ARCHIVE"],"format":"JAR","present":false},{"name":"com.android.support:collections:28.0.0-0","index":66,"scopes":["EXTERNAL_LIBRARIES"],"types":["DEX_ARCHIVE"],"format":"JAR","present":false},{"name":"com.android.support:collections:28.0.0-1","index":67,"scopes":["EXTERNAL_LIBRARIES"],"types":["DEX_ARCHIVE"],"format":"JAR","present":false},{"name":"com.android.support:collections:28.0.0-2","index":68,"scopes":["EXTERNAL_LIBRARIES"],"types":["DEX_ARCHIVE"],"format":"JAR","present":false},{"name":"com.android.support:cursoradapter:28.0.0-0","index":69,"scopes":["EXTERNAL_LIBRARIES"],"types":["DEX_ARCHIVE"],"format":"JAR","present":false},{"name":"com.android.support:cursoradapter:28.0.0-1","index":70,"scopes":["EXTERNAL_LIBRARIES"],"types":["DEX_ARCHIVE"],"format":"JAR","present":false},{"name":"com.android.support:cursoradapter:28.0.0-2","index":71,"scopes":["EXTERNAL_LIBRARIES"],"types":["DEX_ARCHIVE"],"format":"JAR","present":false},{"name":"com.android.support:cardview-v7:28.0.0-0","index":72,"scopes":["EXTERNAL_LIBRARIES"],"types":["DEX_ARCHIVE"],"format":"JAR","present":false},{"name":"com.android.support:cardview-v7:28.0.0-1","index":73,"scopes":["EXTERNAL_LIBRARIES"],"types":["DEX_ARCHIVE"],"format":"JAR","present":false},{"name":"com.android.support:cardview-v7:28.0.0-2","index":74,"scopes":["EXTERNAL_LIBRARIES"],"types":["DEX_ARCHIVE"],"format":"JAR","present":false},{"name":"android.arch.lifecycle:runtime:1.1.1-0","index":75,"scopes":["EXTERNAL_LIBRARIES"],"types":["DEX_ARCHIVE"],"format":"JAR","present":false},{"name":"android.arch.lifecycle:runtime:1.1.1-1","index":76,"scopes":["EXTERNAL_LIBRARIES"],"types":["DEX_ARCHIVE"],"format":"JAR","present":false},{"name":"com.android.support:documentfile:28.0.0-0","index":78,"scopes":["EXTERNAL_LIBRARIES"],"types":["DEX_ARCHIVE"],"format":"JAR","present":false},{"name":"com.android.support:documentfile:28.0.0-1","index":79,"scopes":["EXTERNAL_LIBRARIES"],"types":["DEX_ARCHIVE"],"format":"JAR","present":false},{"name":"com.android.support:localbroadcastmanager:28.0.0-0","index":81,"scopes":["EXTERNAL_LIBRARIES"],"types":["DEX_ARCHIVE"],"format":"JAR","present":false},{"name":"com.android.support:localbroadcastmanager:28.0.0-1","index":82,"scopes":["EXTERNAL_LIBRARIES"],"types":["DEX_ARCHIVE"],"format":"JAR","present":false},{"name":"com.android.support:localbroadcastmanager:28.0.0-2","index":83,"scopes":["EXTERNAL_LIBRARIES"],"types":["DEX_ARCHIVE"],"format":"JAR","present":false},{"name":"com.android.support:print:28.0.0-0","index":84,"scopes":["EXTERNAL_LIBRARIES"],"types":["DEX_ARCHIVE"],"format":"JAR","present":false},{"name":"com.android.support:print:28.0.0-1","index":85,"scopes":["EXTERNAL_LIBRARIES"],"types":["DEX_ARCHIVE"],"format":"JAR","present":false},{"name":"com.android.support:print:28.0.0-2","index":86,"scopes":["EXTERNAL_LIBRARIES"],"types":["DEX_ARCHIVE"],"format":"JAR","present":false},{"name":"android.arch.lifecycle:viewmodel:1.1.1-0","index":87,"scopes":["EXTERNAL_LIBRARIES"],"types":["DEX_ARCHIVE"],"format":"JAR","present":false},{"name":"android.arch.lifecycle:viewmodel:1.1.1-2","index":89,"scopes":["EXTERNAL_LIBRARIES"],"types":["DEX_ARCHIVE"],"format":"JAR","present":false},{"name":"com.android.support:interpolator:28.0.0-0","index":90,"scopes":["EXTERNAL_LIBRARIES"],"types":["DEX_ARCHIVE"],"format":"JAR","present":false},{"name":"com.android.support:interpolator:28.0.0-1","index":91,"scopes":["EXTERNAL_LIBRARIES"],"types":["DEX_ARCHIVE"],"format":"JAR","present":false},{"name":"android.arch.lifecycle:livedata:1.1.1-0","index":93,"scopes":["EXTERNAL_LIBRARIES"],"types":["DEX_ARCHIVE"],"format":"JAR","present":false},{"name":"android.arch.lifecycle:livedata:1.1.1-1","index":94,"scopes":["EXTERNAL_LIBRARIES"],"types":["DEX_ARCHIVE"],"format":"JAR","present":false},{"name":"android.arch.lifecycle:livedata:1.1.1-2","index":95,"scopes":["EXTERNAL_LIBRARIES"],"types":["DEX_ARCHIVE"],"format":"JAR","present":false},{"name":"android.arch.lifecycle:livedata-core:1.1.1-0","index":96,"scopes":["EXTERNAL_LIBRARIES"],"types":["DEX_ARCHIVE"],"format":"JAR","present":false},{"name":"android.arch.lifecycle:livedata-core:1.1.1-1","index":97,"scopes":["EXTERNAL_LIBRARIES"],"types":["DEX_ARCHIVE"],"format":"JAR","present":false},{"name":"android.arch.lifecycle:livedata-core:1.1.1-2","index":98,"scopes":["EXTERNAL_LIBRARIES"],"types":["DEX_ARCHIVE"],"format":"JAR","present":false},{"name":"android.arch.lifecycle:common:1.1.1-0","index":99,"scopes":["EXTERNAL_LIBRARIES"],"types":["DEX_ARCHIVE"],"format":"JAR","present":false},{"name":"android.arch.lifecycle:common:1.1.1-1","index":100,"scopes":["EXTERNAL_LIBRARIES"],"types":["DEX_ARCHIVE"],"format":"JAR","present":false},{"name":"android.arch.lifecycle:common:1.1.1-2","index":101,"scopes":["EXTERNAL_LIBRARIES"],"types":["DEX_ARCHIVE"],"format":"JAR","present":false},{"name":"android.arch.core:runtime:1.1.1-0","index":102,"scopes":["EXTERNAL_LIBRARIES"],"types":["DEX_ARCHIVE"],"format":"JAR","present":false},{"name":"android.arch.core:runtime:1.1.1-1","index":103,"scopes":["EXTERNAL_LIBRARIES"],"types":["DEX_ARCHIVE"],"format":"JAR","present":false},{"name":"android.arch.core:runtime:1.1.1-2","index":104,"scopes":["EXTERNAL_LIBRARIES"],"types":["DEX_ARCHIVE"],"format":"JAR","present":false},{"name":"android.arch.core:common:1.1.1-0","index":105,"scopes":["EXTERNAL_LIBRARIES"],"types":["DEX_ARCHIVE"],"format":"JAR","present":false},{"name":"android.arch.core:common:1.1.1-1","index":106,"scopes":["EXTERNAL_LIBRARIES"],"types":["DEX_ARCHIVE"],"format":"JAR","present":false},{"name":"android.arch.core:common:1.1.1-2","index":107,"scopes":["EXTERNAL_LIBRARIES"],"types":["DEX_ARCHIVE"],"format":"JAR","present":false},{"name":"com.android.support:support-annotations:28.0.0-0","index":108,"scopes":["EXTERNAL_LIBRARIES"],"types":["DEX_ARCHIVE"],"format":"JAR","present":false},{"name":"com.android.support:support-annotations:28.0.0-1","index":109,"scopes":["EXTERNAL_LIBRARIES"],"types":["DEX_ARCHIVE"],"format":"JAR","present":false},{"name":"com.android.support:support-annotations:28.0.0-2","index":110,"scopes":["EXTERNAL_LIBRARIES"],"types":["DEX_ARCHIVE"],"format":"JAR","present":false},{"name":"com.android.support.constraint:constraint-layout-solver:1.1.3-0","index":111,"scopes":["EXTERNAL_LIBRARIES"],"types":["DEX_ARCHIVE"],"format":"JAR","present":false},{"name":"com.android.support.constraint:constraint-layout-solver:1.1.3-1","index":112,"scopes":["EXTERNAL_LIBRARIES"],"types":["DEX_ARCHIVE"],"format":"JAR","present":false},{"name":"com.android.support.constraint:constraint-layout-solver:1.1.3-2","index":113,"scopes":["EXTERNAL_LIBRARIES"],"types":["DEX_ARCHIVE"],"format":"JAR","present":false},{"name":"2f428070a4c8ddd675cddcc37b5275ec719bce02-0","index":114,"scopes":["MAIN_SPLIT"],"types":["DEX_ARCHIVE"],"format":"JAR","present":false},{"name":"2f428070a4c8ddd675cddcc37b5275ec719bce02-1","index":115,"scopes":["MAIN_SPLIT"],"types":["DEX_ARCHIVE"],"format":"JAR","present":false},{"name":"2f428070a4c8ddd675cddcc37b5275ec719bce02-2","index":116,"scopes":["MAIN_SPLIT"],"types":["DEX_ARCHIVE"],"format":"JAR","present":false},{"name":"0a5d9c047430d941d667d44db1f1fa7541827afd-0","index":117,"scopes":["MAIN_SPLIT"],"types":["DEX_ARCHIVE"],"format":"JAR","present":false},{"name":"slice_0","index":120,"scopes":["SUB_PROJECTS","PROJECT"],"types":["DEX_ARCHIVE"],"format":"DIRECTORY","present":false},{"name":"slice_1","index":121,"scopes":["SUB_PROJECTS","PROJECT"],"types":["DEX_ARCHIVE"],"format":"DIRECTORY","present":false},{"name":"slice_2","index":122,"scopes":["SUB_PROJECTS","PROJECT"],"types":["DEX_ARCHIVE"],"format":"DIRECTORY","present":false},{"name":"slice_3","index":123,"scopes":["SUB_PROJECTS","PROJECT"],"types":["DEX_ARCHIVE"],"format":"DIRECTORY","present":false},{"name":"slice_4","index":124,"scopes":["SUB_PROJECTS","PROJECT"],"types":["DEX_ARCHIVE"],"format":"DIRECTORY","present":false},{"name":"slice_5","index":125,"scopes":["SUB_PROJECTS","PROJECT"],"types":["DEX_ARCHIVE"],"format":"DIRECTORY","present":false},{"name":"slice_6","index":126,"scopes":["SUB_PROJECTS","PROJECT"],"types":["DEX_ARCHIVE"],"format":"DIRECTORY","present":false},{"name":"slice_7","index":127,"scopes":["SUB_PROJECTS","PROJECT"],"types":["DEX_ARCHIVE"],"format":"DIRECTORY","present":false},{"name":"slice_8","index":128,"scopes":["SUB_PROJECTS","PROJECT"],"types":["DEX_ARCHIVE"],"format":"DIRECTORY","present":false},{"name":"slice_9","index":129,"scopes":["SUB_PROJECTS","PROJECT"],"types":["DEX_ARCHIVE"],"format":"DIRECTORY","present":false},{"name":"com.android.support:design:28.0.0","index":139,"scopes":["EXTERNAL_LIBRARIES"],"types":["DEX_ARCHIVE"],"format":"JAR","present":true},{"name":"com.android.support:appcompat-v7:28.0.0","index":140,"scopes":["EXTERNAL_LIBRARIES"],"types":["DEX_ARCHIVE"],"format":"JAR","present":true},{"name":"com.android.support.constraint:constraint-layout:1.1.3","index":141,"scopes":["EXTERNAL_LIBRARIES"],"types":["DEX_ARCHIVE"],"format":"JAR","present":true},{"name":"com.android.support:support-v4:28.0.0","index":142,"scopes":["EXTERNAL_LIBRARIES"],"types":["DEX_ARCHIVE"],"format":"JAR","present":true},{"name":"com.android.support:support-fragment:28.0.0","index":143,"scopes":["EXTERNAL_LIBRARIES"],"types":["DEX_ARCHIVE"],"format":"JAR","present":true},{"name":"com.android.support:animated-vector-drawable:28.0.0","index":144,"scopes":["EXTERNAL_LIBRARIES"],"types":["DEX_ARCHIVE"],"format":"JAR","present":true},{"name":"com.android.support:recyclerview-v7:28.0.0","index":145,"scopes":["EXTERNAL_LIBRARIES"],"types":["DEX_ARCHIVE"],"format":"JAR","present":true},{"name":"com.android.support:support-core-ui:28.0.0","index":146,"scopes":["EXTERNAL_LIBRARIES"],"types":["DEX_ARCHIVE"],"format":"JAR","present":true},{"name":"com.android.support:support-core-utils:28.0.0","index":147,"scopes":["EXTERNAL_LIBRARIES"],"types":["DEX_ARCHIVE"],"format":"JAR","present":true},{"name":"com.android.support:support-vector-drawable:28.0.0","index":148,"scopes":["EXTERNAL_LIBRARIES"],"types":["DEX_ARCHIVE"],"format":"JAR","present":true},{"name":"com.android.support:support-media-compat:28.0.0","index":149,"scopes":["EXTERNAL_LIBRARIES"],"types":["DEX_ARCHIVE"],"format":"JAR","present":true},{"name":"com.android.support:transition:28.0.0","index":150,"scopes":["EXTERNAL_LIBRARIES"],"types":["DEX_ARCHIVE"],"format":"JAR","present":true},{"name":"com.android.support:loader:28.0.0","index":151,"scopes":["EXTERNAL_LIBRARIES"],"types":["DEX_ARCHIVE"],"format":"JAR","present":true},{"name":"com.android.support:viewpager:28.0.0","index":152,"scopes":["EXTERNAL_LIBRARIES"],"types":["DEX_ARCHIVE"],"format":"JAR","present":true},{"name":"com.android.support:coordinatorlayout:28.0.0","index":153,"scopes":["EXTERNAL_LIBRARIES"],"types":["DEX_ARCHIVE"],"format":"JAR","present":true},{"name":"com.android.support:drawerlayout:28.0.0","index":154,"scopes":["EXTERNAL_LIBRARIES"],"types":["DEX_ARCHIVE"],"format":"JAR","present":true},{"name":"com.android.support:slidingpanelayout:28.0.0","index":155,"scopes":["EXTERNAL_LIBRARIES"],"types":["DEX_ARCHIVE"],"format":"JAR","present":true},{"name":"com.android.support:customview:28.0.0","index":156,"scopes":["EXTERNAL_LIBRARIES"],"types":["DEX_ARCHIVE"],"format":"JAR","present":true},{"name":"com.android.support:swiperefreshlayout:28.0.0","index":157,"scopes":["EXTERNAL_LIBRARIES"],"types":["DEX_ARCHIVE"],"format":"JAR","present":true},{"name":"com.android.support:asynclayoutinflater:28.0.0","index":158,"scopes":["EXTERNAL_LIBRARIES"],"types":["DEX_ARCHIVE"],"format":"JAR","present":true},{"name":"com.android.support:support-compat:28.0.0","index":159,"scopes":["EXTERNAL_LIBRARIES"],"types":["DEX_ARCHIVE"],"format":"JAR","present":true},{"name":"com.android.support:versionedparcelable:28.0.0","index":160,"scopes":["EXTERNAL_LIBRARIES"],"types":["DEX_ARCHIVE"],"format":"JAR","present":true},{"name":"com.android.support:collections:28.0.0","index":161,"scopes":["EXTERNAL_LIBRARIES"],"types":["DEX_ARCHIVE"],"format":"JAR","present":true},{"name":"com.android.support:cursoradapter:28.0.0","index":162,"scopes":["EXTERNAL_LIBRARIES"],"types":["DEX_ARCHIVE"],"format":"JAR","present":true},{"name":"com.android.support:cardview-v7:28.0.0","index":163,"scopes":["EXTERNAL_LIBRARIES"],"types":["DEX_ARCHIVE"],"format":"JAR","present":true},{"name":"android.arch.lifecycle:runtime:1.1.1","index":164,"scopes":["EXTERNAL_LIBRARIES"],"types":["DEX_ARCHIVE"],"format":"JAR","present":true},{"name":"com.android.support:documentfile:28.0.0","index":165,"scopes":["EXTERNAL_LIBRARIES"],"types":["DEX_ARCHIVE"],"format":"JAR","present":true},{"name":"com.android.support:localbroadcastmanager:28.0.0","index":166,"scopes":["EXTERNAL_LIBRARIES"],"types":["DEX_ARCHIVE"],"format":"JAR","present":true},{"name":"com.android.support:print:28.0.0","index":167,"scopes":["EXTERNAL_LIBRARIES"],"types":["DEX_ARCHIVE"],"format":"JAR","present":true},{"name":"android.arch.lifecycle:viewmodel:1.1.1","index":168,"scopes":["EXTERNAL_LIBRARIES"],"types":["DEX_ARCHIVE"],"format":"JAR","present":true},{"name":"com.android.support:interpolator:28.0.0","index":169,"scopes":["EXTERNAL_LIBRARIES"],"types":["DEX_ARCHIVE"],"format":"JAR","present":true},{"name":"android.arch.lifecycle:livedata:1.1.1","index":170,"scopes":["EXTERNAL_LIBRARIES"],"types":["DEX_ARCHIVE"],"format":"JAR","present":true},{"name":"android.arch.lifecycle:livedata-core:1.1.1","index":171,"scopes":["EXTERNAL_LIBRARIES"],"types":["DEX_ARCHIVE"],"format":"JAR","present":true},{"name":"android.arch.lifecycle:common:1.1.1","index":172,"scopes":["EXTERNAL_LIBRARIES"],"types":["DEX_ARCHIVE"],"format":"JAR","present":true},{"name":"android.arch.core:runtime:1.1.1","index":173,"scopes":["EXTERNAL_LIBRARIES"],"types":["DEX_ARCHIVE"],"format":"JAR","present":true},{"name":"android.arch.core:common:1.1.1","index":174,"scopes":["EXTERNAL_LIBRARIES"],"types":["DEX_ARCHIVE"],"format":"JAR","present":true},{"name":"com.android.support:support-annotations:28.0.0","index":175,"scopes":["EXTERNAL_LIBRARIES"],"types":["DEX_ARCHIVE"],"format":"JAR","present":true},{"name":"com.android.support.constraint:constraint-layout-solver:1.1.3","index":176,"scopes":["EXTERNAL_LIBRARIES"],"types":["DEX_ARCHIVE"],"format":"JAR","present":true},{"name":"e832aaf813392b3253ae929673b126cd7abe873e","index":177,"scopes":["PROJECT"],"types":["DEX_ARCHIVE"],"format":"DIRECTORY","present":true}]