[{"name":"slice_0","index":0,"scopes":["SUB_PROJECTS","PROJECT"],"types":["DEX"],"format":"DIRECTORY","present":false},{"name":"slice_1","index":1,"scopes":["SUB_PROJECTS","PROJECT"],"types":["DEX"],"format":"DIRECTORY","present":false},{"name":"slice_2","index":2,"scopes":["SUB_PROJECTS","PROJECT"],"types":["DEX"],"format":"DIRECTORY","present":false},{"name":"slice_3","index":3,"scopes":["SUB_PROJECTS","PROJECT"],"types":["DEX"],"format":"DIRECTORY","present":false},{"name":"slice_4","index":4,"scopes":["SUB_PROJECTS","PROJECT"],"types":["DEX"],"format":"DIRECTORY","present":false},{"name":"slice_5","index":5,"scopes":["SUB_PROJECTS","PROJECT"],"types":["DEX"],"format":"DIRECTORY","present":false},{"name":"slice_6","index":6,"scopes":["SUB_PROJECTS","PROJECT"],"types":["DEX"],"format":"DIRECTORY","present":false},{"name":"slice_7","index":7,"scopes":["SUB_PROJECTS","PROJECT"],"types":["DEX"],"format":"DIRECTORY","present":false},{"name":"slice_8","index":8,"scopes":["SUB_PROJECTS","PROJECT"],"types":["DEX"],"format":"DIRECTORY","present":false},{"name":"slice_9","index":9,"scopes":["SUB_PROJECTS","PROJECT"],"types":["DEX"],"format":"DIRECTORY","present":false},{"name":"main","index":10,"scopes":["EXTERNAL_LIBRARIES"],"types":["DEX"],"format":"DIRECTORY","present":false},{"name":"2f428070a4c8ddd675cddcc37b5275ec719bce02-0","index":11,"scopes":["MAIN_SPLIT"],"types":["DEX"],"format":"DIRECTORY","present":false},{"name":"2f428070a4c8ddd675cddcc37b5275ec719bce02-1","index":12,"scopes":["MAIN_SPLIT"],"types":["DEX"],"format":"DIRECTORY","present":false},{"name":"2f428070a4c8ddd675cddcc37b5275ec719bce02-2","index":13,"scopes":["MAIN_SPLIT"],"types":["DEX"],"format":"DIRECTORY","present":false},{"name":"0a5d9c047430d941d667d44db1f1fa7541827afd-0","index":14,"scopes":["MAIN_SPLIT"],"types":["DEX"],"format":"DIRECTORY","present":false},{"name":"externalLibs","index":15,"scopes":["EXTERNAL_LIBRARIES"],"types":["DEX"],"format":"DIRECTORY","present":false},{"name":"main","index":16,"scopes":["PROJECT","SUB_PROJECTS","EXTERNAL_LIBRARIES"],"types":["DEX"],"format":"DIRECTORY","present":true}]